title,date
"On September 19, 2022, Jim Cramer said to short Nvidia (NVDA), calling it a loser. Since then, NVDA is up 195%. ü§¶‚Äç‚ôÇÔ∏èüëé",2023-05-29
,2023-05-29
"
**User Report**| | | |
:--|:--|:--|:--
**Total Submissions**|10|**First Seen In WSB**|1 year ago
**Total Comments**|114|**Previous Best DD**|
**Account Age**|1 year|[^scan ^comment ](https://www.reddit.com/message/compose/?to=VisualMod&subject=scan_comment&message=Replace%20this%20text%20with%20a%20comment%20ID%20(which%20looks%20like%20h26cq3k\)%20to%20have%20the%20bot%20scan%20your%20comment%20and%20correct%20your%20first%20seen%20date.)|[^scan ^submission ](https://www.reddit.com/message/compose/?to=VisualMod&subject=scan_submission&message=Replace%20this%20text%20with%20a%20submission%20ID%20(which%20looks%20like%20h26cq3k\)%20to%20have%20the%20bot%20scan%20your%20submission%20and%20correct%20your%20first%20seen%20date.)",2023-05-29
Hopefully he shorted,2023-05-29
He also named his dog Nvidia,2023-05-29
Nvidia was down 23% that month in 2022.,2023-05-29
And now he is bullish as fuck,2023-05-29
"Technically he wasn't wrong in the short term, it fell another 20 dollars",2023-05-29
At some point WSB is going to realize his goal is to get us on the wrong side of MMs trades.,2023-05-29
Whats his advice about NVDA now?,2023-05-29
"Guys, we really need a Inverse Cramer ETF. I' m gonna put all my money in it and just go about my life.",2023-05-29
Dude couldn‚Äôt predict the stock market? What an idiot‚Ä¶,2023-05-29
"He said JP Morgan is a fortress

and now

JP Morgan is under investigation again after an investigation into their dealings with Epstein revealed a bunch of other wrong doings.",2023-05-29
Cathie & Cramer the two best friends your regarded portfolio has ever had,2023-05-29
"WSB: ""NVDA is an over priced piece of shit.
Also WSB: ""lol Cramer, what a moron for talking shit about NVDA""",2023-05-29
Obviously the time to short is right after they pump the stock on pie-in-the-sky revenue ‚Äúestimates‚Äù but before they sell billions of shares on the open market and definitely before they issue revenue guidance revisions down about 40% from initial ‚Äúguidance‚Äù.,2023-05-29
These posts are so dumb,2023-05-29
Is there a stock portfolio which just buys and sells the opposite of what Kramer says? That seems like safe money and I want to invest into that.,2023-05-29
"real question, how long has Cramer actually been this dumb?",2023-05-29
Makes sense,2023-05-29
That guy is just vicious and pumps up his friends. He probably had a pal competing against them.,2023-05-29
You could probably make huge money in the market doing the exact opposite of what this guy says,2023-05-29
Dan Nathan trying to short $NVDA,2023-05-30
,2023-05-30
"
**User Report**| | | |
:--|:--|:--|:--
**Total Submissions**|2|**First Seen In WSB**|4 months ago
**Total Comments**|48|**Previous Best DD**|
**Account Age**|4 months|[^scan ^comment ](https://www.reddit.com/message/compose/?to=VisualMod&subject=scan_comment&message=Replace%20this%20text%20with%20a%20comment%20ID%20(which%20looks%20like%20h26cq3k\)%20to%20have%20the%20bot%20scan%20your%20comment%20and%20correct%20your%20first%20seen%20date.)|[^scan ^submission ](https://www.reddit.com/message/compose/?to=VisualMod&subject=scan_submission&message=Replace%20this%20text%20with%20a%20submission%20ID%20(which%20looks%20like%20h26cq3k\)%20to%20have%20the%20bot%20scan%20your%20submission%20and%20correct%20your%20first%20seen%20date.)",2023-05-30
He must be down big time given his performance today on FM.,2023-05-30
he's short since $200 and keeps rolling.... Today's meltdown was epic though.,2023-05-30
